url,title
https://qb-clinic.com/qbc-column/,Quic Beauty Clinic - オンライン診療専門 業界最安値
https://qb-clinic.com/qbc-column/qbccolumn-content-production-policy/,Quic Beauty Clinic - オンライン診療専門 業界最安値
https://qb-clinic.com/qbc-column/rybelsus-effectiveness-reviews/,Quic Beauty Clinic - オンライン診療専門 業界最安値
https://qb-clinic.com/qbc-column/acne-food/,Quic Beauty Clinic - オンライン診療専門 業界最安値
https://qb-clinic.com/qbc-column/the-dangers-of-glp1-diet/,Quic Beauty Clinic - オンライン診療専門 業界最安値
https://qb-clinic.com/qbc-column/how-to-get-a-prescription-for-rebelsus/,Quic Beauty Clinic - オンライン診療専門 業界最安値
https://qb-clinic.com/qbc-column/rebelsus-is-ineffective/,Quic Beauty Clinic - オンライン診療専門 業界最安値
https://qb-clinic.com/qbc-column/what-happens-if-you-quit-mounjaro/,Quic Beauty Clinic - オンライン診療専門 業界最安値
https://qb-clinic.com/qbc-column/commercially-available-locoid/,Quic Beauty Clinic - オンライン診療専門 業界最安値
https://qb-clinic.com/qbc-column/commercially-available-tranexamic-acid/,Quic Beauty Clinic - オンライン診療専門 業界最安値
https://qb-clinic.com/qbc-column/locoid-ointment-is-safe-to-apply-to-wounds/,Quic Beauty Clinic - オンライン診療専門 業界最安値
https://qb-clinic.com/qbc-column/oronine-cures-acne-in-one-day/,Quic Beauty Clinic - オンライン診療専門 業界最安値
https://qb-clinic.com/qbc-column/lusefi-effect/,Quic Beauty Clinic - オンライン診療専門 業界最安値
https://qb-clinic.com/qbc-column/locoid-ointment-effect/,Quic Beauty Clinic - オンライン診療専門 業界最安値
https://qb-clinic.com/qbc-column/stop-taking-tranexamic-acid-the-symptoms-return/,Quic Beauty Clinic - オンライン診療専門 業界最安値
https://qb-clinic.com/qbc-column/oral-beauty-medication-is-ineffective/,Quic Beauty Clinic - オンライン診療専門 業界最安値
https://qb-clinic.com/qbc-column/diabetes-medication-for-weight-loss-rebelsus/,Quic Beauty Clinic - オンライン診療専門 業界最安値
https://qb-clinic.com/qbc-column/rebelsus-doesnt-eat-breakfast/,Quic Beauty Clinic - オンライン診療専門 業界最安値
https://qb-clinic.com/qbc-column/category/%e3%83%a1%e3%83%87%e3%82%a3%e3%82%ab%e3%83%ab%e3%83%80%e3%82%a4%e3%82%a8%e3%83%83%e3%83%88/,Quic Beauty Clinic - オンライン診療専門 業界最安値
https://qb-clinic.com/qbc-column/glp1-diet-recommend/,Quic Beauty Clinic - オンライン診療専門 業界最安値
https://qb-clinic.com/qbc-column/rebelsus-mailorder/,Quic Beauty Clinic - オンライン診療専門 業界最安値
https://qb-clinic.com/qbc-column/metformin-mailorder/,Quic Beauty Clinic - オンライン診療専門 業界最安値
https://qb-clinic.com/qbc-column/isotretinoin-positive-reaction/,Quic Beauty Clinic - オンライン診療専門 業界最安値
https://qb-clinic.com/qbc-column/wegovy-insurance-coverage/,Quic Beauty Clinic - オンライン診療専門 業界最安値
https://qb-clinic.com/qbc-column/mounjaro-nausea-for-how-long/,Quic Beauty Clinic - オンライン診療専門 業界最安値
https://qb-clinic.com/qbc-column/category/%e3%83%a1%e3%83%87%e3%82%a3%e3%82%ab%e3%83%ab%e3%82%b9%e3%82%ad%e3%83%b3%e3%82%b1%e3%82%a2/,Quic Beauty Clinic - オンライン診療専門 業界最安値
https://qb-clinic.com/qbc-column/acne-osusume/,Quic Beauty Clinic - オンライン診療専門 業界最安値
https://qb-clinic.com/qbc-column/acne-not-healing/,Quic Beauty Clinic - オンライン診療専門 業界最安値
https://qb-clinic.com/qbc-column/how-to-get-a-prescription-for-juvela/,Quic Beauty Clinic - オンライン診療専門 業界最安値
https://qb-clinic.com/qbc-column/juvela-sales-discontinued-reason/,Quic Beauty Clinic - オンライン診療専門 業界最安値
https://qb-clinic.com/qbc-column/glp1-reasons-for-not-losing-wight/,Quic Beauty Clinic - オンライン診療専門 業界最安値
https://qb-clinic.com/qbc-column/mounjaro-cheapest-price/,Quic Beauty Clinic - オンライン診療専門 業界最安値
https://qb-clinic.com/qbc-column/biyonaifuku-yasui-online/,Quic Beauty Clinic - オンライン診療専門 業界最安値
https://qb-clinic.com/qbc-column/commercially-available-juvela/,Quic Beauty Clinic - オンライン診療専門 業界最安値
https://qb-clinic.com/qbc-column/is-it-okay-to-continue-taking-tranexamic-acid/,Quic Beauty Clinic - オンライン診療専門 業界最安値
https://qb-clinic.com/qbc-column/aga-recommend/,Quic Beauty Clinic - ã‚ªãƒ³ãƒ©ã‚¤ãƒ³è¨ºç™‚å°‚é–€ æ¥­ç•Œæœ€å®‰å€¤
https://qb-clinic.com/qbc-column/what-is-tranexamic-acid-250-effective-for/,Quic Beauty Clinic - オンライン診療専門 業界最安値
https://qb-clinic.com/qbc-column/tranexamic-acid-until-it-takes-effect/,Quic Beauty Clinic - オンライン診療専門 業界最安値
https://qb-clinic.com/qbc-column/isotretinoin-mailorder/,Quic Beauty Clinic - オンライン診療専門 業界最安値
https://qb-clinic.com/qbc-column/took-two-tablets-of-tranexamic-acid/,Quic Beauty Clinic - オンライン診療専門 業界最安値
https://qb-clinic.com/qbc-column/isotretinoin-scary/,Quic Beauty Clinic - オンライン診療専門 業界最安値
https://qb-clinic.com/qbc-column/after-stopping-isotretinoin/,Quic Beauty Clinic - オンライン診療専門 業界最安値
https://qb-clinic.com/qbc-column/rybelsus-nidone-dame/,Quic Beauty Clinic - オンライン診療専門 業界最安値
https://qb-clinic.com/qbc-column/category/aga/,Quic Beauty Clinic - オンライン診療専門 業界最安値
