url,title
https://qb-clinic.com/qbc-column/,
https://qb-clinic.com/qbc-column/qbccolumn-content-production-policy/,
https://qb-clinic.com/qbc-column/rybelsus-effectiveness-reviews/,
https://qb-clinic.com/qbc-column/acne-food/,
https://qb-clinic.com/qbc-column/the-dangers-of-glp1-diet/,
https://qb-clinic.com/qbc-column/how-to-get-a-prescription-for-rebelsus/,
https://qb-clinic.com/qbc-column/rebelsus-is-ineffective/,
https://qb-clinic.com/qbc-column/what-happens-if-you-quit-mounjaro/,
https://qb-clinic.com/qbc-column/commercially-available-locoid/,
https://qb-clinic.com/qbc-column/commercially-available-tranexamic-acid/,
https://qb-clinic.com/qbc-column/locoid-ointment-is-safe-to-apply-to-wounds/,
https://qb-clinic.com/qbc-column/oronine-cures-acne-in-one-day/,
https://qb-clinic.com/qbc-column/lusefi-effect/,
https://qb-clinic.com/qbc-column/locoid-ointment-effect/,
https://qb-clinic.com/qbc-column/stop-taking-tranexamic-acid-the-symptoms-return/,
https://qb-clinic.com/qbc-column/oral-beauty-medication-is-ineffective/,
https://qb-clinic.com/qbc-column/diabetes-medication-for-weight-loss-rebelsus/,
https://qb-clinic.com/qbc-column/rebelsus-doesnt-eat-breakfast/,
https://qb-clinic.com/qbc-column/category/%e3%83%a1%e3%83%87%e3%82%a3%e3%82%ab%e3%83%ab%e3%83%80%e3%82%a4%e3%82%a8%e3%83%83%e3%83%88/,
https://qb-clinic.com/qbc-column/glp1-diet-recommend/,
https://qb-clinic.com/qbc-column/rebelsus-mailorder/,
https://qb-clinic.com/qbc-column/metformin-mailorder/,
https://qb-clinic.com/qbc-column/isotretinoin-positive-reaction/,
https://qb-clinic.com/qbc-column/wegovy-insurance-coverage/,
https://qb-clinic.com/qbc-column/mounjaro-nausea-for-how-long/,
https://qb-clinic.com/qbc-column/category/%e3%83%a1%e3%83%87%e3%82%a3%e3%82%ab%e3%83%ab%e3%82%b9%e3%82%ad%e3%83%b3%e3%82%b1%e3%82%a2/,
https://qb-clinic.com/qbc-column/acne-osusume/,
https://qb-clinic.com/qbc-column/acne-not-healing/,
https://qb-clinic.com/qbc-column/how-to-get-a-prescription-for-juvela/,
https://qb-clinic.com/qbc-column/juvela-sales-discontinued-reason/,
https://qb-clinic.com/qbc-column/glp1-reasons-for-not-losing-wight/,
https://qb-clinic.com/qbc-column/mounjaro-cheapest-price/,
https://qb-clinic.com/qbc-column/biyonaifuku-yasui-online/,
https://qb-clinic.com/qbc-column/commercially-available-juvela/,
https://qb-clinic.com/qbc-column/is-it-okay-to-continue-taking-tranexamic-acid/,
https://qb-clinic.com/qbc-column/aga-recommend/,
https://qb-clinic.com/qbc-column/what-is-tranexamic-acid-250-effective-for/,
https://qb-clinic.com/qbc-column/tranexamic-acid-until-it-takes-effect/,
https://qb-clinic.com/qbc-column/isotretinoin-mailorder/,
https://qb-clinic.com/qbc-column/took-two-tablets-of-tranexamic-acid/,
https://qb-clinic.com/qbc-column/isotretinoin-scary/,
https://qb-clinic.com/qbc-column/after-stopping-isotretinoin/,
https://qb-clinic.com/qbc-column/rybelsus-nidone-dame/,
https://qb-clinic.com/qbc-column/category/aga/,
