url,h1
https://qb-clinic.com/qbc-column/,
https://qb-clinic.com/qbc-column/qbccolumn-content-production-policy/,QBCコラム コンテンツ制作ポリシー
https://qb-clinic.com/qbc-column/rybelsus-effectiveness-reviews/,リベルサスの効果はいつから？3ヶ月で何キロ痩せるか口コミ調査
https://qb-clinic.com/qbc-column/acne-food/,ニキビに良い食べ物と悪い食べ物とは？医師おすすめの食材を解説
https://qb-clinic.com/qbc-column/the-dangers-of-glp1-diet/,【医師監修】GLP-1ダイエットの危険性とは？副作用と安全に使用する方法を解説
https://qb-clinic.com/qbc-column/how-to-get-a-prescription-for-rebelsus/,リベルサスを処方してもらうには？何科で受診すべきか手順を解説
https://qb-clinic.com/qbc-column/rebelsus-is-ineffective/,リベルサスは効果ない。痩せない理由と3mg･7mg･14mgの正しい飲み方を解説
https://qb-clinic.com/qbc-column/what-happens-if-you-quit-mounjaro/,マンジャロをやめたらどうなる？体に起こる3つの変化を医師が解説
https://qb-clinic.com/qbc-column/commercially-available-locoid/,ロコイド軟膏は市販されている？処方薬が通販で買えるおすすめクリニック5選！
https://qb-clinic.com/qbc-column/commercially-available-tranexamic-acid/,トラネキサム酸の市販おすすめ安い入手先は？ドラッグストアとクリニック処方の違いを解説
https://qb-clinic.com/qbc-column/locoid-ointment-is-safe-to-apply-to-wounds/,ロコイド軟膏は傷口に塗っても大丈夫？使用禁止の理由と注意点を医師が解説
https://qb-clinic.com/qbc-column/oronine-cures-acne-in-one-day/,ニキビを一日で治すならオロナイン？効果的な使い方と限界を医師が解説
https://qb-clinic.com/qbc-column/lusefi-effect/,ルセフィの効果とは？ダイエット効果の実感時期や副作用を医師が解説
https://qb-clinic.com/qbc-column/locoid-ointment-effect/,ロコイド軟膏は何に効く？効果や成分・副作用まで医師監修で解説
https://qb-clinic.com/qbc-column/stop-taking-tranexamic-acid-the-symptoms-return/,トラネキサム酸やめたら戻る？シミ肝斑への影響と対策を医師が解説
https://qb-clinic.com/qbc-column/oral-beauty-medication-is-ineffective/,美容内服が効果ない理由とは？医師が教える正しい服用法と期間の真実
https://qb-clinic.com/qbc-column/diabetes-medication-for-weight-loss-rebelsus/,糖尿病薬リベルサスの痩せる効果と注意点とは？正しい服用方法を医師が解説
https://qb-clinic.com/qbc-column/rebelsus-doesnt-eat-breakfast/,リベルサスを朝食を食べないで正しく飲むには？空腹時服用の理由と注意点
https://qb-clinic.com/qbc-column/category/%e3%83%a1%e3%83%87%e3%82%a3%e3%82%ab%e3%83%ab%e3%83%80%e3%82%a4%e3%82%a8%e3%83%83%e3%83%88/,メディカルダイエット – category –
https://qb-clinic.com/qbc-column/glp1-diet-recommend/,GLP-1ダイエットが安いおすすめオンラインクリニック13選！値段や種類を比較【2025年最新医師監修】
https://qb-clinic.com/qbc-column/rebelsus-mailorder/,リベルサスの通販が安いおすすめオンラインクリニック6選｜3mg・7mg・14mgを比較
https://qb-clinic.com/qbc-column/metformin-mailorder/,メトホルミン通販が安いおすすめクリニック4選！個人輸入についても解説【医師監修2025年最新】
https://qb-clinic.com/qbc-column/isotretinoin-positive-reaction/,イソトレチノインの好転反応はいつまで？症状と対処法・ない人の特徴まで解説
https://qb-clinic.com/qbc-column/wegovy-insurance-coverage/,ウゴービは保険適用できる？条件・費用・処方可能な病院を医師が解説
https://qb-clinic.com/qbc-column/mounjaro-nausea-for-how-long/,マンジャロの吐き気はいつまで続く？期間と軽減方法を詳しく解説
https://qb-clinic.com/qbc-column/category/%e3%83%a1%e3%83%87%e3%82%a3%e3%82%ab%e3%83%ab%e3%82%b9%e3%82%ad%e3%83%b3%e3%82%b1%e3%82%a2/,メディカルスキンケア – category –
https://qb-clinic.com/qbc-column/acne-osusume/,ニキビ治療におすすめのオンラインクリニック8選！選び方や皮膚科との違いも！
https://qb-clinic.com/qbc-column/acne-not-healing/,ニキビが治らない原因は？対処法を医師が解説
https://qb-clinic.com/qbc-column/how-to-get-a-prescription-for-juvela/,ユベラを処方してもらうには？医師が病院の選び方や保険適用を解説
https://qb-clinic.com/qbc-column/juvela-sales-discontinued-reason/,ユベラ錠販売中止の理由は？美容効果と副作用ビタミンEの市販薬はある？
https://qb-clinic.com/qbc-column/glp1-reasons-for-not-losing-wight/,GLP-1ダイエットで痩せない原因は何？【医師監修】効果的を高める方法は
https://qb-clinic.com/qbc-column/mounjaro-cheapest-price/,マンジャロが安いクリニック比較6選！最安値でオンライン診療可能なのはどこ？
https://qb-clinic.com/qbc-column/biyonaifuku-yasui-online/,美容内服セットが安いおすすめオンライン診療10選！保険適用の美容皮膚科の違いも！
https://qb-clinic.com/qbc-column/commercially-available-juvela/,ユベラの市販薬はある？オンライン処方できるおすすめクリニック5選！効果も紹介
https://qb-clinic.com/qbc-column/is-it-okay-to-continue-taking-tranexamic-acid/,トラネキサム酸内服薬は飲み続けても大丈夫？肝斑やシミへの美白効果と副作用
https://qb-clinic.com/qbc-column/aga-recommend/,AGAæ²»ç™‚ã�Šã�™ã�™ã‚�ã‚¯ãƒªãƒ‹ãƒƒã‚¯å¯¾é�¢ãƒ»ã‚ªãƒ³ãƒ©ã‚¤ãƒ³åˆ¥16é�¸ï¼�è–„æ¯›æ²»ç™‚ã�§å¾Œæ‚”ã�—ã�ªã�„é�¸ã�³æ–¹ã€�2025å¹´æœ€æ–°åŒ»å¸«ç›£ä¿®ã€‘
https://qb-clinic.com/qbc-column/what-is-tranexamic-acid-250-effective-for/,トラネキサム酸250mgは何に効く？美白・止血・喉の炎症など幅広い効能を解説
https://qb-clinic.com/qbc-column/tranexamic-acid-until-it-takes-effect/,トラネキサム酸効果が出るまで飲み続けて大丈夫？シミ・肝斑・美肌美容に！
https://qb-clinic.com/qbc-column/isotretinoin-mailorder/,イソトレチノインの通販におすすめオンラインクリニック6選！効果と注意点も紹介！
https://qb-clinic.com/qbc-column/took-two-tablets-of-tranexamic-acid/,トラネキサム酸2錠飲んでしまったけど大丈夫？対処法と副作用は
https://qb-clinic.com/qbc-column/isotretinoin-scary/,イソトレチノインは怖い？ニキビ治療の副作用や服薬の注意点を紹介！
https://qb-clinic.com/qbc-column/after-stopping-isotretinoin/,イソトレチノイン辞めた後どうなる？皮脂・乾燥などの再発は？
https://qb-clinic.com/qbc-column/rybelsus-nidone-dame/,リベルサス服用後の二度寝がダメな理由。医師が危険な理由と安全な対処法を解説【知恵袋越え】
https://qb-clinic.com/qbc-column/category/aga/,AGA – category –
